,country,type,recycling_m,net_profit
0,Afghanistan,LFP,,
1,Afghanistan,NCA,,
2,Afghanistan,NMC111,,
3,Afghanistan,NMC523,,
4,Afghanistan,NMC622,,
5,Afghanistan,NMC811,,
6,Albania,LFP,,
7,Albania,NCA,,
8,Albania,NMC111,,
9,Albania,NMC523,,
10,Albania,NMC622,,
11,Albania,NMC811,,
12,Algeria,LFP,,
13,Algeria,NCA,,
14,Algeria,NMC111,,
15,Algeria,NMC523,,
16,Algeria,NMC622,,
17,Algeria,NMC811,,
18,Andorra,LFP,,
19,Andorra,NCA,,
20,Andorra,NMC111,,
21,Andorra,NMC523,,
22,Andorra,NMC622,,
23,Andorra,NMC811,,
24,Angola,LFP,,
25,Angola,NCA,,
26,Angola,NMC111,,
27,Angola,NMC523,,
28,Angola,NMC622,,
29,Angola,NMC811,,
30,Argentina,LFP,,
31,Argentina,NCA,,
32,Argentina,NMC111,,
33,Argentina,NMC523,,
34,Argentina,NMC622,,
35,Argentina,NMC811,,
36,Armenia,LFP,,
37,Armenia,NCA,,
38,Armenia,NMC111,,
39,Armenia,NMC523,,
40,Armenia,NMC622,,
41,Armenia,NMC811,,
42,Aruba,LFP,,
43,Aruba,NCA,,
44,Aruba,NMC111,,
45,Aruba,NMC523,,
46,Aruba,NMC622,,
47,Aruba,NMC811,,
48,Australia,LFP,Hydro,-19.83904938705185
49,Australia,NCA,Hydro,4.126833803517247
50,Australia,NMC111,Hydro,-2.565503853808461
51,Australia,NMC523,Hydro,-1.7390970493374533
52,Australia,NMC622,Hydro,-6.771167776730547
53,Australia,NMC811,Hydro,-9.421433329946783
54,Austria,LFP,,
55,Austria,NCA,,
56,Austria,NMC111,,
57,Austria,NMC523,,
58,Austria,NMC622,,
59,Austria,NMC811,,
60,Azerbaijan,LFP,,
61,Azerbaijan,NCA,,
62,Azerbaijan,NMC111,,
63,Azerbaijan,NMC523,,
64,Azerbaijan,NMC622,,
65,Azerbaijan,NMC811,,
66,Bahamas,LFP,,
67,Bahamas,NCA,,
68,Bahamas,NMC111,,
69,Bahamas,NMC523,,
70,Bahamas,NMC622,,
71,Bahamas,NMC811,,
72,Bahrain,LFP,,
73,Bahrain,NCA,,
74,Bahrain,NMC111,,
75,Bahrain,NMC523,,
76,Bahrain,NMC622,,
77,Bahrain,NMC811,,
78,Bangladesh,LFP,,
79,Bangladesh,NCA,,
80,Bangladesh,NMC111,,
81,Bangladesh,NMC523,,
82,Bangladesh,NMC622,,
83,Bangladesh,NMC811,,
84,Barbados,LFP,,
85,Barbados,NCA,,
86,Barbados,NMC111,,
87,Barbados,NMC523,,
88,Barbados,NMC622,,
89,Barbados,NMC811,,
90,Belarus,LFP,,
91,Belarus,NCA,,
92,Belarus,NMC111,,
93,Belarus,NMC523,,
94,Belarus,NMC622,,
95,Belarus,NMC811,,
96,Belgium,LFP,Hydro,-9.083454986374088
97,Belgium,NCA,Hydro,1.29983614539983
98,Belgium,NMC111,Hydro,-2.163416601827095
99,Belgium,NMC523,Hydro,-2.0088255880569825
100,Belgium,NMC622,Hydro,-7.032108629645812
101,Belgium,NMC811,Hydro,-12.714573167589284
102,Benin,LFP,,
103,Benin,NCA,,
104,Benin,NMC111,,
105,Benin,NMC523,,
106,Benin,NMC622,,
107,Benin,NMC811,,
108,Bermuda,LFP,,
109,Bermuda,NCA,,
110,Bermuda,NMC111,,
111,Bermuda,NMC523,,
112,Bermuda,NMC622,,
113,Bermuda,NMC811,,
114,Bolivia (Plurinational State of),LFP,,
115,Bolivia (Plurinational State of),NCA,,
116,Bolivia (Plurinational State of),NMC111,,
117,Bolivia (Plurinational State of),NMC523,,
118,Bolivia (Plurinational State of),NMC622,,
119,Bolivia (Plurinational State of),NMC811,,
120,Bosnia Herzegovina,LFP,,
121,Bosnia Herzegovina,NCA,,
122,Bosnia Herzegovina,NMC111,,
123,Bosnia Herzegovina,NMC523,,
124,Bosnia Herzegovina,NMC622,,
125,Bosnia Herzegovina,NMC811,,
126,Botswana,LFP,,
127,Botswana,NCA,,
128,Botswana,NMC111,,
129,Botswana,NMC523,,
130,Botswana,NMC622,,
131,Botswana,NMC811,,
132,Brazil,LFP,Hydro,-20.197254208322008
133,Brazil,NCA,Hydro,4.308910895841931
134,Brazil,NMC111,Hydro,-2.8849020486522345
135,Brazil,NMC523,Hydro,-1.9054057318756676
136,Brazil,NMC622,Hydro,-7.568897752815259
137,Brazil,NMC811,Hydro,-10.514526269261326
138,Brunei Darussalam,LFP,,
139,Brunei Darussalam,NCA,,
140,Brunei Darussalam,NMC111,,
141,Brunei Darussalam,NMC523,,
142,Brunei Darussalam,NMC622,,
143,Brunei Darussalam,NMC811,,
144,Bulgaria,LFP,,
145,Bulgaria,NCA,,
146,Bulgaria,NMC111,,
147,Bulgaria,NMC523,,
148,Bulgaria,NMC622,,
149,Bulgaria,NMC811,,
150,Burkina Faso,LFP,,
151,Burkina Faso,NCA,,
152,Burkina Faso,NMC111,,
153,Burkina Faso,NMC523,,
154,Burkina Faso,NMC622,,
155,Burkina Faso,NMC811,,
156,Burundi,LFP,,
157,Burundi,NCA,,
158,Burundi,NMC111,,
159,Burundi,NMC523,,
160,Burundi,NMC622,,
161,Burundi,NMC811,,
162,C?te d'Ivoire,LFP,,
163,C?te d'Ivoire,NCA,,
164,C?te d'Ivoire,NMC111,,
165,C?te d'Ivoire,NMC523,,
166,C?te d'Ivoire,NMC622,,
167,C?te d'Ivoire,NMC811,,
168,Cabo Verde,LFP,,
169,Cabo Verde,NCA,,
170,Cabo Verde,NMC111,,
171,Cabo Verde,NMC523,,
172,Cabo Verde,NMC622,,
173,Cabo Verde,NMC811,,
174,Cambodia,LFP,,
175,Cambodia,NCA,,
176,Cambodia,NMC111,,
177,Cambodia,NMC523,,
178,Cambodia,NMC622,,
179,Cambodia,NMC811,,
180,Cameroon,LFP,,
181,Cameroon,NCA,,
182,Cameroon,NMC111,,
183,Cameroon,NMC523,,
184,Cameroon,NMC622,,
185,Cameroon,NMC811,,
186,Canada,LFP,Hydro,-3.6005520962959165
187,Canada,NCA,Hydro,7.161149624327138
188,Canada,NMC111,Hydro,5.3528510263025035
189,Canada,NMC523,Hydro,5.098902067536811
190,Canada,NMC622,Hydro,4.2695313820332785
191,Canada,NMC811,Hydro,3.4874739663387944
192,Cayman Isds,LFP,,
193,Cayman Isds,NCA,,
194,Cayman Isds,NMC111,,
195,Cayman Isds,NMC523,,
196,Cayman Isds,NMC622,,
197,Cayman Isds,NMC811,,
198,Chile,LFP,,
199,Chile,NCA,,
200,Chile,NMC111,,
201,Chile,NMC523,,
202,Chile,NMC622,,
203,Chile,NMC811,,
204,Colombia,LFP,,
205,Colombia,NCA,,
206,Colombia,NMC111,,
207,Colombia,NMC523,,
208,Colombia,NMC622,,
209,Colombia,NMC811,,
210,Comoros,LFP,,
211,Comoros,NCA,,
212,Comoros,NMC111,,
213,Comoros,NMC523,,
214,Comoros,NMC622,,
215,Comoros,NMC811,,
216,Congo,LFP,,
217,Congo,NCA,,
218,Congo,NMC111,,
219,Congo,NMC523,,
220,Congo,NMC622,,
221,Congo,NMC811,,
222,Costa Rica,LFP,,
223,Costa Rica,NCA,,
224,Costa Rica,NMC111,,
225,Costa Rica,NMC523,,
226,Costa Rica,NMC622,,
227,Costa Rica,NMC811,,
228,Croatia,LFP,,
229,Croatia,NCA,,
230,Croatia,NMC111,,
231,Croatia,NMC523,,
232,Croatia,NMC622,,
233,Croatia,NMC811,,
234,Cyprus,LFP,,
235,Cyprus,NCA,,
236,Cyprus,NMC111,,
237,Cyprus,NMC523,,
238,Cyprus,NMC622,,
239,Cyprus,NMC811,,
240,Czechia,LFP,Hydro,-38.367971914368034
241,Czechia,NCA,Hydro,-21.839544759045847
242,Czechia,NMC111,Hydro,-35.722908289164536
243,Czechia,NMC523,Hydro,-33.07737150616466
244,Czechia,NMC622,Hydro,-56.249363110091466
245,Czechia,NMC811,Hydro,-79.79189845543247
246,Denmark,LFP,,
247,Denmark,NCA,,
248,Denmark,NMC111,,
249,Denmark,NMC523,,
250,Denmark,NMC622,,
251,Denmark,NMC811,,
252,Dominican Rep.,LFP,,
253,Dominican Rep.,NCA,,
254,Dominican Rep.,NMC111,,
255,Dominican Rep.,NMC523,,
256,Dominican Rep.,NMC622,,
257,Dominican Rep.,NMC811,,
258,Ecuador,LFP,,
259,Ecuador,NCA,,
260,Ecuador,NMC111,,
261,Ecuador,NMC523,,
262,Ecuador,NMC622,,
263,Ecuador,NMC811,,
264,Egypt,LFP,,
265,Egypt,NCA,,
266,Egypt,NMC111,,
267,Egypt,NMC523,,
268,Egypt,NMC622,,
269,Egypt,NMC811,,
270,El Salvador,LFP,,
271,El Salvador,NCA,,
272,El Salvador,NMC111,,
273,El Salvador,NMC523,,
274,El Salvador,NMC622,,
275,El Salvador,NMC811,,
276,Estonia,LFP,,
277,Estonia,NCA,,
278,Estonia,NMC111,,
279,Estonia,NMC523,,
280,Estonia,NMC622,,
281,Estonia,NMC811,,
282,Eswatini,LFP,,
283,Eswatini,NCA,,
284,Eswatini,NMC111,,
285,Eswatini,NMC523,,
286,Eswatini,NMC622,,
287,Eswatini,NMC811,,
288,Ethiopia,LFP,,
289,Ethiopia,NCA,,
290,Ethiopia,NMC111,,
291,Ethiopia,NMC523,,
292,Ethiopia,NMC622,,
293,Ethiopia,NMC811,,
294,Fiji,LFP,,
295,Fiji,NCA,,
296,Fiji,NMC111,,
297,Fiji,NMC523,,
298,Fiji,NMC622,,
299,Fiji,NMC811,,
300,Finland,LFP,Hydro,-11.79437249197533
301,Finland,NCA,Hydro,0.0020978429729684722
302,Finland,NMC111,Hydro,-3.942727877930084
303,Finland,NMC523,Hydro,-3.675812706993289
304,Finland,NMC622,Hydro,-9.523288461989825
305,Finland,NMC811,Hydro,-16.045508162742603
306,France,LFP,Hydro,-0.8958264163135452
307,France,NCA,Hydro,6.672778713965961
308,France,NMC111,Hydro,5.599008696487566
309,France,NMC523,Hydro,5.189689218410796
310,France,NMC622,Hydro,4.383651514994497
311,France,NMC811,Hydro,2.936371724461853
312,French Polynesia,LFP,,
313,French Polynesia,NCA,,
314,French Polynesia,NMC111,,
315,French Polynesia,NMC523,,
316,French Polynesia,NMC622,,
317,French Polynesia,NMC811,,
318,Georgia,LFP,,
319,Georgia,NCA,,
320,Georgia,NMC111,,
321,Georgia,NMC523,,
322,Georgia,NMC622,,
323,Georgia,NMC811,,
324,Germany,LFP,Hydro,-0.06127374957411407
325,Germany,NCA,Hydro,7.299784971763052
326,Germany,NMC111,Hydro,6.4973382637414145
327,Germany,NMC523,Hydro,6.024683466829141
328,Germany,NMC622,Hydro,5.693860174107346
329,Germany,NMC811,Hydro,4.716789606591146
330,Ghana,LFP,,
331,Ghana,NCA,,
332,Ghana,NMC111,,
333,Ghana,NMC523,,
334,Ghana,NMC622,,
335,Ghana,NMC811,,
336,Greece,LFP,,
337,Greece,NCA,,
338,Greece,NMC111,,
339,Greece,NMC523,,
340,Greece,NMC622,,
341,Greece,NMC811,,
342,Greenland,LFP,,
343,Greenland,NCA,,
344,Greenland,NMC111,,
345,Greenland,NMC523,,
346,Greenland,NMC622,,
347,Greenland,NMC811,,
348,Grenada,LFP,,
349,Grenada,NCA,,
350,Grenada,NMC111,,
351,Grenada,NMC523,,
352,Grenada,NMC622,,
353,Grenada,NMC811,,
354,Guatemala,LFP,,
355,Guatemala,NCA,,
356,Guatemala,NMC111,,
357,Guatemala,NMC523,,
358,Guatemala,NMC622,,
359,Guatemala,NMC811,,
360,Guinea,LFP,,
361,Guinea,NCA,,
362,Guinea,NMC111,,
363,Guinea,NMC523,,
364,Guinea,NMC622,,
365,Guinea,NMC811,,
366,Guyana,LFP,,
367,Guyana,NCA,,
368,Guyana,NMC111,,
369,Guyana,NMC523,,
370,Guyana,NMC622,,
371,Guyana,NMC811,,
372,Honduras,LFP,,
373,Honduras,NCA,,
374,Honduras,NMC111,,
375,Honduras,NMC523,,
376,Honduras,NMC622,,
377,Honduras,NMC811,,
378,Hungary,LFP,Hydro,-0.41164539435145775
379,Hungary,NCA,Hydro,6.934196137992127
380,Hungary,NMC111,Hydro,5.949995778293597
381,Hungary,NMC523,Hydro,5.52143105023429
382,Hungary,NMC622,Hydro,4.864805058855391
383,Hungary,NMC811,Hydro,3.5622374624165203
384,Iceland,LFP,,
385,Iceland,NCA,,
386,Iceland,NMC111,,
387,Iceland,NMC523,,
388,Iceland,NMC622,,
389,Iceland,NMC811,,
390,India,LFP,Hydro,-0.7321761674970353
391,India,NCA,Hydro,7.61647035492973
392,India,NMC111,Hydro,6.551680445072949
393,India,NMC523,Hydro,6.12436476641498
394,India,NMC622,Hydro,5.913637687086486
395,India,NMC811,Hydro,5.362645982321722
396,Indonesia,LFP,,
397,Indonesia,NCA,,
398,Indonesia,NMC111,,
399,Indonesia,NMC523,,
400,Indonesia,NMC622,,
401,Indonesia,NMC811,,
402,Iran,LFP,,
403,Iran,NCA,,
404,Iran,NMC111,,
405,Iran,NMC523,,
406,Iran,NMC622,,
407,Iran,NMC811,,
408,Ireland,LFP,,
409,Ireland,NCA,,
410,Ireland,NMC111,,
411,Ireland,NMC523,,
412,Ireland,NMC622,,
413,Ireland,NMC811,,
414,Israel,LFP,,
415,Israel,NCA,,
416,Israel,NMC111,,
417,Israel,NMC523,,
418,Israel,NMC622,,
419,Israel,NMC811,,
420,Italy,LFP,Hydro,-0.6908186304830121
421,Italy,NCA,Hydro,6.694643588938157
422,Italy,NMC111,Hydro,5.624751913261774
423,Italy,NMC523,Hydro,5.216611313679492
424,Italy,NMC622,Hydro,4.423930357661106
425,Italy,NMC811,Hydro,2.9953317771505628
426,Jamaica,LFP,,
427,Jamaica,NCA,,
428,Jamaica,NMC111,,
429,Jamaica,NMC523,,
430,Jamaica,NMC622,,
431,Jamaica,NMC811,,
432,Japan,LFP,Hydro,-5.589838402151952
433,Japan,NCA,Hydro,7.190745323443592
434,Japan,NMC111,Hydro,5.102487632946179
435,Japan,NMC523,Hydro,4.90092862160199
436,Japan,NMC622,Hydro,3.6244059807659
437,Japan,NMC811,Hydro,2.5580210699431865
438,Jordan,LFP,,
439,Jordan,NCA,,
440,Jordan,NMC111,,
441,Jordan,NMC523,,
442,Jordan,NMC622,,
443,Jordan,NMC811,,
444,Kazakhstan,LFP,,
445,Kazakhstan,NCA,,
446,Kazakhstan,NMC111,,
447,Kazakhstan,NMC523,,
448,Kazakhstan,NMC622,,
449,Kazakhstan,NMC811,,
450,Kenya,LFP,,
451,Kenya,NCA,,
452,Kenya,NMC111,,
453,Kenya,NMC523,,
454,Kenya,NMC622,,
455,Kenya,NMC811,,
456,Kiribati,LFP,,
457,Kiribati,NCA,,
458,Kiribati,NMC111,,
459,Kiribati,NMC523,,
460,Kiribati,NMC622,,
461,Kiribati,NMC811,,
462,Korea,LFP,Hydro,0.775842092012619
463,Korea,NCA,Hydro,7.955677324079578
464,Korea,NMC111,Hydro,7.436397661467247
465,Korea,NMC523,Hydro,6.8930880449824965
466,Korea,NMC622,Hydro,7.145435621931493
467,Korea,NMC811,Hydro,6.7993706118461255
468,Kuwait,LFP,,
469,Kuwait,NCA,,
470,Kuwait,NMC111,,
471,Kuwait,NMC523,,
472,Kuwait,NMC622,,
473,Kuwait,NMC811,,
474,Kyrgyzstan,LFP,,
475,Kyrgyzstan,NCA,,
476,Kyrgyzstan,NMC111,,
477,Kyrgyzstan,NMC523,,
478,Kyrgyzstan,NMC622,,
479,Kyrgyzstan,NMC811,,
480,Lao People's Dem. Rep.,LFP,,
481,Lao People's Dem. Rep.,NCA,,
482,Lao People's Dem. Rep.,NMC111,,
483,Lao People's Dem. Rep.,NMC523,,
484,Lao People's Dem. Rep.,NMC622,,
485,Lao People's Dem. Rep.,NMC811,,
486,Latvia,LFP,,
487,Latvia,NCA,,
488,Latvia,NMC111,,
489,Latvia,NMC523,,
490,Latvia,NMC622,,
491,Latvia,NMC811,,
492,Lebanon,LFP,,
493,Lebanon,NCA,,
494,Lebanon,NMC111,,
495,Lebanon,NMC523,,
496,Lebanon,NMC622,,
497,Lebanon,NMC811,,
498,Lesotho,LFP,,
499,Lesotho,NCA,,
500,Lesotho,NMC111,,
501,Lesotho,NMC523,,
502,Lesotho,NMC622,,
503,Lesotho,NMC811,,
504,Lithuania,LFP,,
505,Lithuania,NCA,,
506,Lithuania,NMC111,,
507,Lithuania,NMC523,,
508,Lithuania,NMC622,,
509,Lithuania,NMC811,,
510,Luxembourg,LFP,,
511,Luxembourg,NCA,,
512,Luxembourg,NMC111,,
513,Luxembourg,NMC523,,
514,Luxembourg,NMC622,,
515,Luxembourg,NMC811,,
516,Madagascar,LFP,,
517,Madagascar,NCA,,
518,Madagascar,NMC111,,
519,Madagascar,NMC523,,
520,Madagascar,NMC622,,
521,Madagascar,NMC811,,
522,Malawi,LFP,,
523,Malawi,NCA,,
524,Malawi,NMC111,,
525,Malawi,NMC523,,
526,Malawi,NMC622,,
527,Malawi,NMC811,,
528,Malaysia,LFP,,
529,Malaysia,NCA,,
530,Malaysia,NMC111,,
531,Malaysia,NMC523,,
532,Malaysia,NMC622,,
533,Malaysia,NMC811,,
534,Maldives,LFP,,
535,Maldives,NCA,,
536,Maldives,NMC111,,
537,Maldives,NMC523,,
538,Maldives,NMC622,,
539,Maldives,NMC811,,
540,Mali,LFP,,
541,Mali,NCA,,
542,Mali,NMC111,,
543,Mali,NMC523,,
544,Mali,NMC622,,
545,Mali,NMC811,,
546,Malta,LFP,,
547,Malta,NCA,,
548,Malta,NMC111,,
549,Malta,NMC523,,
550,Malta,NMC622,,
551,Malta,NMC811,,
552,Mauritania,LFP,,
553,Mauritania,NCA,,
554,Mauritania,NMC111,,
555,Mauritania,NMC523,,
556,Mauritania,NMC622,,
557,Mauritania,NMC811,,
558,Mauritius,LFP,,
559,Mauritius,NCA,,
560,Mauritius,NMC111,,
561,Mauritius,NMC523,,
562,Mauritius,NMC622,,
563,Mauritius,NMC811,,
564,Mexico,LFP,,
565,Mexico,NCA,,
566,Mexico,NMC111,,
567,Mexico,NMC523,,
568,Mexico,NMC622,,
569,Mexico,NMC811,,
570,Mongolia,LFP,,
571,Mongolia,NCA,,
572,Mongolia,NMC111,,
573,Mongolia,NMC523,,
574,Mongolia,NMC622,,
575,Mongolia,NMC811,,
576,Montenegro,LFP,,
577,Montenegro,NCA,,
578,Montenegro,NMC111,,
579,Montenegro,NMC523,,
580,Montenegro,NMC622,,
581,Montenegro,NMC811,,
582,Morocco,LFP,,
583,Morocco,NCA,,
584,Morocco,NMC111,,
585,Morocco,NMC523,,
586,Morocco,NMC622,,
587,Morocco,NMC811,,
588,Mozambique,LFP,,
589,Mozambique,NCA,,
590,Mozambique,NMC111,,
591,Mozambique,NMC523,,
592,Mozambique,NMC622,,
593,Mozambique,NMC811,,
594,Myanmar,LFP,,
595,Myanmar,NCA,,
596,Myanmar,NMC111,,
597,Myanmar,NMC523,,
598,Myanmar,NMC622,,
599,Myanmar,NMC811,,
600,Namibia,LFP,,
601,Namibia,NCA,,
602,Namibia,NMC111,,
603,Namibia,NMC523,,
604,Namibia,NMC622,,
605,Namibia,NMC811,,
606,Nepal,LFP,,
607,Nepal,NCA,,
608,Nepal,NMC111,,
609,Nepal,NMC523,,
610,Nepal,NMC622,,
611,Nepal,NMC811,,
612,Netherlands,LFP,Hydro,-3.906403953648765
613,Netherlands,NCA,Hydro,4.844030317436621
614,Netherlands,NMC111,Hydro,3.0106927659929044
615,Netherlands,NMC523,Hydro,2.7745360175844387
616,Netherlands,NMC622,Hydro,0.6247952619213999
617,Netherlands,NMC811,Hydro,-2.2347801564122327
618,New Caledonia,LFP,,
619,New Caledonia,NCA,,
620,New Caledonia,NMC111,,
621,New Caledonia,NMC523,,
622,New Caledonia,NMC622,,
623,New Caledonia,NMC811,,
624,New Zealand,LFP,,
625,New Zealand,NCA,,
626,New Zealand,NMC111,,
627,New Zealand,NMC523,,
628,New Zealand,NMC622,,
629,New Zealand,NMC811,,
630,Nicaragua,LFP,,
631,Nicaragua,NCA,,
632,Nicaragua,NMC111,,
633,Nicaragua,NMC523,,
634,Nicaragua,NMC622,,
635,Nicaragua,NMC811,,
636,Niger,LFP,,
637,Niger,NCA,,
638,Niger,NMC111,,
639,Niger,NMC523,,
640,Niger,NMC622,,
641,Niger,NMC811,,
642,Nigeria,LFP,,
643,Nigeria,NCA,,
644,Nigeria,NMC111,,
645,Nigeria,NMC523,,
646,Nigeria,NMC622,,
647,Nigeria,NMC811,,
648,North Macedonia,LFP,,
649,North Macedonia,NCA,,
650,North Macedonia,NMC111,,
651,North Macedonia,NMC523,,
652,North Macedonia,NMC622,,
653,North Macedonia,NMC811,,
654,Norway,LFP,Hydro,-2.6220139603861097
655,Norway,NCA,Hydro,7.068883442871101
656,Norway,NMC111,Hydro,5.513016259380234
657,Norway,NMC523,Hydro,5.193566659671397
658,Norway,NMC622,Hydro,4.6185673541758225
659,Norway,NMC811,Hydro,3.944795375434223
660,Oman,LFP,,
661,Oman,NCA,,
662,Oman,NMC111,,
663,Oman,NMC523,,
664,Oman,NMC622,,
665,Oman,NMC811,,
666,Pakistan,LFP,,
667,Pakistan,NCA,,
668,Pakistan,NMC111,,
669,Pakistan,NMC523,,
670,Pakistan,NMC622,,
671,Pakistan,NMC811,,
672,Palau,LFP,,
673,Palau,NCA,,
674,Palau,NMC111,,
675,Palau,NMC523,,
676,Palau,NMC622,,
677,Palau,NMC811,,
678,Panama,LFP,,
679,Panama,NCA,,
680,Panama,NMC111,,
681,Panama,NMC523,,
682,Panama,NMC622,,
683,Panama,NMC811,,
684,Papua New Guinea,LFP,,
685,Papua New Guinea,NCA,,
686,Papua New Guinea,NMC111,,
687,Papua New Guinea,NMC523,,
688,Papua New Guinea,NMC622,,
689,Papua New Guinea,NMC811,,
690,Paraguay,LFP,,
691,Paraguay,NCA,,
692,Paraguay,NMC111,,
693,Paraguay,NMC523,,
694,Paraguay,NMC622,,
695,Paraguay,NMC811,,
696,Peru,LFP,,
697,Peru,NCA,,
698,Peru,NMC111,,
699,Peru,NMC523,,
700,Peru,NMC622,,
701,Peru,NMC811,,
702,Philippines,LFP,,
703,Philippines,NCA,,
704,Philippines,NMC111,,
705,Philippines,NMC523,,
706,Philippines,NMC622,,
707,Philippines,NMC811,,
708,Poland,LFP,Hydro,-0.8489476886556715
709,Poland,NCA,Hydro,6.623999136618054
710,Poland,NMC111,Hydro,5.454908195055869
711,Poland,NMC523,Hydro,5.069868733337355
712,Poland,NMC622,Hydro,4.0782004160350915
713,Poland,NMC811,Hydro,2.4430787107220526
714,Portugal,LFP,,
715,Portugal,NCA,,
716,Portugal,NMC111,,
717,Portugal,NMC523,,
718,Portugal,NMC622,,
719,Portugal,NMC811,,
720,Qatar,LFP,,
721,Qatar,NCA,,
722,Qatar,NMC111,,
723,Qatar,NMC523,,
724,Qatar,NMC622,,
725,Qatar,NMC811,,
726,Rep. of Moldova,LFP,,
727,Rep. of Moldova,NCA,,
728,Rep. of Moldova,NMC111,,
729,Rep. of Moldova,NMC523,,
730,Rep. of Moldova,NMC622,,
731,Rep. of Moldova,NMC811,,
732,Romania,LFP,Hydro,-38.61542098127945
733,Romania,NCA,Hydro,-22.002686578855826
734,Romania,NMC111,Hydro,-36.12492063128324
735,Romania,NMC523,Hydro,-33.41788088350055
736,Romania,NMC622,Hydro,-57.09013664534203
737,Romania,NMC811,Hydro,-81.2144202959526
738,Russian Federation,LFP,Hydro,-2.3407958206959134
739,Russian Federation,NCA,Hydro,6.294540278485952
740,Russian Federation,NMC111,Hydro,4.557425236006233
741,Russian Federation,NMC523,Hydro,4.270233507996968
742,Russian Federation,NMC622,Hydro,2.833726024853179
743,Russian Federation,NMC811,Hydro,0.9788857372346897
744,Rwanda,LFP,,
745,Rwanda,NCA,,
746,Rwanda,NMC111,,
747,Rwanda,NMC523,,
748,Rwanda,NMC622,,
749,Rwanda,NMC811,,
750,Saint Lucia,LFP,,
751,Saint Lucia,NCA,,
752,Saint Lucia,NMC111,,
753,Saint Lucia,NMC523,,
754,Saint Lucia,NMC622,,
755,Saint Lucia,NMC811,,
756,Samoa,LFP,,
757,Samoa,NCA,,
758,Samoa,NMC111,,
759,Samoa,NMC523,,
760,Samoa,NMC622,,
761,Samoa,NMC811,,
762,Saudi Arabia,LFP,,
763,Saudi Arabia,NCA,,
764,Saudi Arabia,NMC111,,
765,Saudi Arabia,NMC523,,
766,Saudi Arabia,NMC622,,
767,Saudi Arabia,NMC811,,
768,Senegal,LFP,,
769,Senegal,NCA,,
770,Senegal,NMC111,,
771,Senegal,NMC523,,
772,Senegal,NMC622,,
773,Senegal,NMC811,,
774,Serbia,LFP,Hydro,-62.58396947448555
775,Serbia,NCA,Hydro,-15.372963102668917
776,Serbia,NMC111,Hydro,-40.17728120555244
777,Serbia,NMC523,Hydro,-35.73801412908043
778,Serbia,NMC622,Hydro,-60.93683732296603
779,Serbia,NMC811,Hydro,-78.43093799175195
780,Seychelles,LFP,,
781,Seychelles,NCA,,
782,Seychelles,NMC111,,
783,Seychelles,NMC523,,
784,Seychelles,NMC622,,
785,Seychelles,NMC811,,
786,Sierra Leone,LFP,,
787,Sierra Leone,NCA,,
788,Sierra Leone,NMC111,,
789,Sierra Leone,NMC523,,
790,Sierra Leone,NMC622,,
791,Sierra Leone,NMC811,,
792,Singapore,LFP,,
793,Singapore,NCA,,
794,Singapore,NMC111,,
795,Singapore,NMC523,,
796,Singapore,NMC622,,
797,Singapore,NMC811,,
798,Slovakia,LFP,Hydro,-38.76155223118365
799,Slovakia,NCA,Hydro,-21.854214020850627
800,Slovakia,NMC111,Hydro,-35.804162392329616
801,Slovakia,NMC523,Hydro,-33.143275402729735
802,Slovakia,NMC622,Hydro,-56.48184785661442
803,Slovakia,NMC811,Hydro,-80.24965314431904
804,Slovenia,LFP,,
805,Slovenia,NCA,,
806,Slovenia,NMC111,,
807,Slovenia,NMC523,,
808,Slovenia,NMC622,,
809,Slovenia,NMC811,,
810,Solomon Isds,LFP,,
811,Solomon Isds,NCA,,
812,Solomon Isds,NMC111,,
813,Solomon Isds,NMC523,,
814,Solomon Isds,NMC622,,
815,Solomon Isds,NMC811,,
816,South Africa,LFP,,
817,South Africa,NCA,,
818,South Africa,NMC111,,
819,South Africa,NMC523,,
820,South Africa,NMC622,,
821,South Africa,NMC811,,
822,Spain,LFP,Hydro,-0.5997286945394632
823,Spain,NCA,Hydro,6.838073196673456
824,Spain,NMC111,Hydro,5.791188693929613
825,Spain,NMC523,Hydro,5.376623418886021
826,Spain,NMC622,Hydro,4.605454752590668
827,Spain,NMC811,Hydro,3.188890881899877
828,Sri Lanka,LFP,,
829,Sri Lanka,NCA,,
830,Sri Lanka,NMC111,,
831,Sri Lanka,NMC523,,
832,Sri Lanka,NMC622,,
833,Sri Lanka,NMC811,,
834,State of Palestine,LFP,,
835,State of Palestine,NCA,,
836,State of Palestine,NMC111,,
837,State of Palestine,NMC523,,
838,State of Palestine,NMC622,,
839,State of Palestine,NMC811,,
840,Sudan,LFP,,
841,Sudan,NCA,,
842,Sudan,NMC111,,
843,Sudan,NMC523,,
844,Sudan,NMC622,,
845,Sudan,NMC811,,
846,Sweden,LFP,Hydro,-0.5525750513967833
847,Sweden,NCA,Hydro,6.828874125748222
848,Sweden,NMC111,Hydro,5.91590716599582
849,Sweden,NMC523,Hydro,5.469791936136215
850,Sweden,NMC622,Hydro,4.9671066188970405
851,Sweden,NMC811,Hydro,3.813411932984823
852,Switzerland,LFP,Hydro,-2.2569223987219327
853,Switzerland,NCA,Hydro,6.250573833203065
854,Switzerland,NMC111,Hydro,4.510032938185523
855,Switzerland,NMC523,Hydro,4.2168683527925905
856,Switzerland,NMC622,Hydro,3.04151109544616
857,Switzerland,NMC811,Hydro,1.5757006552360067
858,Tajikistan,LFP,,
859,Tajikistan,NCA,,
860,Tajikistan,NMC111,,
861,Tajikistan,NMC523,,
862,Tajikistan,NMC622,,
863,Tajikistan,NMC811,,
864,Thailand,LFP,Hydro,-7.129385360422828
865,Thailand,NCA,Hydro,6.779992711557193
866,Thailand,NMC111,Hydro,4.099706018797519
867,Thailand,NMC523,Hydro,4.008915171883056
868,Thailand,NMC622,Hydro,2.3918913273997178
869,Thailand,NMC811,Hydro,1.2229668800813633
870,Togo,LFP,,
871,Togo,NCA,,
872,Togo,NMC111,,
873,Togo,NMC523,,
874,Togo,NMC622,,
875,Togo,NMC811,,
876,Tonga,LFP,,
877,Tonga,NCA,,
878,Tonga,NMC111,,
879,Tonga,NMC523,,
880,Tonga,NMC622,,
881,Tonga,NMC811,,
882,Trinidad and Tobago,LFP,,
883,Trinidad and Tobago,NCA,,
884,Trinidad and Tobago,NMC111,,
885,Trinidad and Tobago,NMC523,,
886,Trinidad and Tobago,NMC622,,
887,Trinidad and Tobago,NMC811,,
888,Tunisia,LFP,,
889,Tunisia,NCA,,
890,Tunisia,NMC111,,
891,Tunisia,NMC523,,
892,Tunisia,NMC622,,
893,Tunisia,NMC811,,
894,Turkey,LFP,Hydro,-24.46279030191966
895,Turkey,NCA,Hydro,3.7803551736186636
896,Turkey,NMC111,Hydro,-3.2561020320345553
897,Turkey,NMC523,Hydro,-2.378705357522975
898,Turkey,NMC622,Hydro,-7.746779467190294
899,Turkey,NMC811,Hydro,-10.62741186599557
900,USA,LFP,Hydro,0.889631680664044
901,USA,NCA,Hydro,7.895704322740701
902,USA,NMC111,Hydro,6.58998563190992
903,USA,NMC523,Hydro,6.1033632832871625
904,USA,NMC622,Hydro,5.847869642296355
905,USA,NMC811,Hydro,5.879437887063827
906,Uganda,LFP,,
907,Uganda,NCA,,
908,Uganda,NMC111,,
909,Uganda,NMC523,,
910,Uganda,NMC622,,
911,Uganda,NMC811,,
912,Ukraine,LFP,,
913,Ukraine,NCA,,
914,Ukraine,NMC111,,
915,Ukraine,NMC523,,
916,Ukraine,NMC622,,
917,Ukraine,NMC811,,
918,United Arab Emirates,LFP,,
919,United Arab Emirates,NCA,,
920,United Arab Emirates,NMC111,,
921,United Arab Emirates,NMC523,,
922,United Arab Emirates,NMC622,,
923,United Arab Emirates,NMC811,,
924,United Kingdom,LFP,Hydro,-3.054984665445756
925,United Kingdom,NCA,Hydro,7.492274666322125
926,United Kingdom,NMC111,Hydro,5.8539068696313015
927,United Kingdom,NMC523,Hydro,5.555665691110688
928,United Kingdom,NMC622,Hydro,4.901218346412636
929,United Kingdom,NMC811,Hydro,4.204328265301532
930,United Rep. of Tanzania,LFP,,
931,United Rep. of Tanzania,NCA,,
932,United Rep. of Tanzania,NMC111,,
933,United Rep. of Tanzania,NMC523,,
934,United Rep. of Tanzania,NMC622,,
935,United Rep. of Tanzania,NMC811,,
936,Uruguay,LFP,,
937,Uruguay,NCA,,
938,Uruguay,NMC111,,
939,Uruguay,NMC523,,
940,Uruguay,NMC622,,
941,Uruguay,NMC811,,
942,Uzbekistan,LFP,,
943,Uzbekistan,NCA,,
944,Uzbekistan,NMC111,,
945,Uzbekistan,NMC523,,
946,Uzbekistan,NMC622,,
947,Uzbekistan,NMC811,,
948,Viet Nam,LFP,Hydro,-41.67625123590209
949,Viet Nam,NCA,Hydro,1.2478156624888044
950,Viet Nam,NMC111,Hydro,-8.775006969575733
951,Viet Nam,NMC523,Hydro,-7.85858865045301
952,Viet Nam,NMC622,Hydro,-17.01136734944989
953,Viet Nam,NMC811,Hydro,-22.606815520342764
954,Yemen,LFP,,
955,Yemen,NCA,,
956,Yemen,NMC111,,
957,Yemen,NMC523,,
958,Yemen,NMC622,,
959,Yemen,NMC811,,
960,Zambia,LFP,,
961,Zambia,NCA,,
962,Zambia,NMC111,,
963,Zambia,NMC523,,
964,Zambia,NMC622,,
965,Zambia,NMC811,,
966,Zimbabwe,LFP,,
967,Zimbabwe,NCA,,
968,Zimbabwe,NMC111,,
969,Zimbabwe,NMC523,,
970,Zimbabwe,NMC622,,
971,Zimbabwe,NMC811,,
