,country,type,recycling_m,net_profit,collection_scenario,recovery_efficiency_scenario
0,Afghanistan,LFP,,,baseline,baseline
1,Afghanistan,NCA,,,baseline,baseline
2,Afghanistan,NMC111,,,baseline,baseline
3,Afghanistan,NMC523,,,baseline,baseline
4,Afghanistan,NMC622,,,baseline,baseline
5,Afghanistan,NMC811,,,baseline,baseline
6,Albania,LFP,,,baseline,baseline
7,Albania,NCA,,,baseline,baseline
8,Albania,NMC111,,,baseline,baseline
9,Albania,NMC523,,,baseline,baseline
10,Albania,NMC622,,,baseline,baseline
11,Albania,NMC811,,,baseline,baseline
12,Algeria,LFP,,,baseline,baseline
13,Algeria,NCA,,,baseline,baseline
14,Algeria,NMC111,,,baseline,baseline
15,Algeria,NMC523,,,baseline,baseline
16,Algeria,NMC622,,,baseline,baseline
17,Algeria,NMC811,,,baseline,baseline
18,Andorra,LFP,,,baseline,baseline
19,Andorra,NCA,,,baseline,baseline
20,Andorra,NMC111,,,baseline,baseline
21,Andorra,NMC523,,,baseline,baseline
22,Andorra,NMC622,,,baseline,baseline
23,Andorra,NMC811,,,baseline,baseline
24,Angola,LFP,,,baseline,baseline
25,Angola,NCA,,,baseline,baseline
26,Angola,NMC111,,,baseline,baseline
27,Angola,NMC523,,,baseline,baseline
28,Angola,NMC622,,,baseline,baseline
29,Angola,NMC811,,,baseline,baseline
30,Argentina,LFP,Pyro,0.0,baseline,baseline
31,Argentina,NCA,Pyro,-2.0606557113117585,baseline,baseline
32,Argentina,NMC111,Pyro,-12.64252747184469,baseline,baseline
33,Argentina,NMC523,Pyro,-10.9273654042858,baseline,baseline
34,Argentina,NMC622,Pyro,-19.502039404602627,baseline,baseline
35,Argentina,NMC811,Pyro,-23.557299317161306,baseline,baseline
36,Armenia,LFP,,,baseline,baseline
37,Armenia,NCA,,,baseline,baseline
38,Armenia,NMC111,,,baseline,baseline
39,Armenia,NMC523,,,baseline,baseline
40,Armenia,NMC622,,,baseline,baseline
41,Armenia,NMC811,,,baseline,baseline
42,Aruba,LFP,,,baseline,baseline
43,Aruba,NCA,,,baseline,baseline
44,Aruba,NMC111,,,baseline,baseline
45,Aruba,NMC523,,,baseline,baseline
46,Aruba,NMC622,,,baseline,baseline
47,Aruba,NMC811,,,baseline,baseline
48,Australia,LFP,Pyro,0.0,baseline,baseline
49,Australia,NCA,Pyro,2.5166789098261577,baseline,baseline
50,Australia,NMC111,Pyro,-1.0682950604125931,baseline,baseline
51,Australia,NMC523,Pyro,-0.751325582191378,baseline,baseline
52,Australia,NMC622,Pyro,-2.9032555123377772,baseline,baseline
53,Australia,NMC811,Pyro,-4.022976261819924,baseline,baseline
54,Austria,LFP,,,baseline,baseline
55,Austria,NCA,,,baseline,baseline
56,Austria,NMC111,,,baseline,baseline
57,Austria,NMC523,,,baseline,baseline
58,Austria,NMC622,,,baseline,baseline
59,Austria,NMC811,,,baseline,baseline
60,Azerbaijan,LFP,,,baseline,baseline
61,Azerbaijan,NCA,,,baseline,baseline
62,Azerbaijan,NMC111,,,baseline,baseline
63,Azerbaijan,NMC523,,,baseline,baseline
64,Azerbaijan,NMC622,,,baseline,baseline
65,Azerbaijan,NMC811,,,baseline,baseline
66,Bahamas,LFP,,,baseline,baseline
67,Bahamas,NCA,,,baseline,baseline
68,Bahamas,NMC111,,,baseline,baseline
69,Bahamas,NMC523,,,baseline,baseline
70,Bahamas,NMC622,,,baseline,baseline
71,Bahamas,NMC811,,,baseline,baseline
72,Bahrain,LFP,,,baseline,baseline
73,Bahrain,NCA,,,baseline,baseline
74,Bahrain,NMC111,,,baseline,baseline
75,Bahrain,NMC523,,,baseline,baseline
76,Bahrain,NMC622,,,baseline,baseline
77,Bahrain,NMC811,,,baseline,baseline
78,Bangladesh,LFP,,,baseline,baseline
79,Bangladesh,NCA,,,baseline,baseline
80,Bangladesh,NMC111,,,baseline,baseline
81,Bangladesh,NMC523,,,baseline,baseline
82,Bangladesh,NMC622,,,baseline,baseline
83,Bangladesh,NMC811,,,baseline,baseline
84,Barbados,LFP,,,baseline,baseline
85,Barbados,NCA,,,baseline,baseline
86,Barbados,NMC111,,,baseline,baseline
87,Barbados,NMC523,,,baseline,baseline
88,Barbados,NMC622,,,baseline,baseline
89,Barbados,NMC811,,,baseline,baseline
90,Belarus,LFP,,,baseline,baseline
91,Belarus,NCA,,,baseline,baseline
92,Belarus,NMC111,,,baseline,baseline
93,Belarus,NMC523,,,baseline,baseline
94,Belarus,NMC622,,,baseline,baseline
95,Belarus,NMC811,,,baseline,baseline
96,Belgium,LFP,Pyro,-121.8440756217196,baseline,baseline
97,Belgium,NCA,Pyro,0.9688144377202399,baseline,baseline
98,Belgium,NMC111,Pyro,-1.0579896005578278,baseline,baseline
99,Belgium,NMC523,Pyro,-1.0481085339000484,baseline,baseline
100,Belgium,NMC622,Pyro,-3.2877037035754717,baseline,baseline
101,Belgium,NMC811,Pyro,-5.825706679421423,baseline,baseline
102,Benin,LFP,,,baseline,baseline
103,Benin,NCA,,,baseline,baseline
104,Benin,NMC111,,,baseline,baseline
105,Benin,NMC523,,,baseline,baseline
106,Benin,NMC622,,,baseline,baseline
107,Benin,NMC811,,,baseline,baseline
108,Bermuda,LFP,,,baseline,baseline
109,Bermuda,NCA,,,baseline,baseline
110,Bermuda,NMC111,,,baseline,baseline
111,Bermuda,NMC523,,,baseline,baseline
112,Bermuda,NMC622,,,baseline,baseline
113,Bermuda,NMC811,,,baseline,baseline
114,Bolivia (Plurinational State of),LFP,,,baseline,baseline
115,Bolivia (Plurinational State of),NCA,,,baseline,baseline
116,Bolivia (Plurinational State of),NMC111,,,baseline,baseline
117,Bolivia (Plurinational State of),NMC523,,,baseline,baseline
118,Bolivia (Plurinational State of),NMC622,,,baseline,baseline
119,Bolivia (Plurinational State of),NMC811,,,baseline,baseline
120,Bosnia Herzegovina,LFP,,,baseline,baseline
121,Bosnia Herzegovina,NCA,,,baseline,baseline
122,Bosnia Herzegovina,NMC111,,,baseline,baseline
123,Bosnia Herzegovina,NMC523,,,baseline,baseline
124,Bosnia Herzegovina,NMC622,,,baseline,baseline
125,Bosnia Herzegovina,NMC811,,,baseline,baseline
126,Botswana,LFP,,,baseline,baseline
127,Botswana,NCA,,,baseline,baseline
128,Botswana,NMC111,,,baseline,baseline
129,Botswana,NMC523,,,baseline,baseline
130,Botswana,NMC622,,,baseline,baseline
131,Botswana,NMC811,,,baseline,baseline
132,Brazil,LFP,Pyro,0.0,baseline,baseline
133,Brazil,NCA,Pyro,4.857077030215755,baseline,baseline
134,Brazil,NMC111,Pyro,4.119196613867693,baseline,baseline
135,Brazil,NMC523,Pyro,3.8251544612891766,baseline,baseline
136,Brazil,NMC622,Pyro,3.9898530134913224,baseline,baseline
137,Brazil,NMC811,Pyro,3.8519256352798847,baseline,baseline
138,Brunei Darussalam,LFP,,,baseline,baseline
139,Brunei Darussalam,NCA,,,baseline,baseline
140,Brunei Darussalam,NMC111,,,baseline,baseline
141,Brunei Darussalam,NMC523,,,baseline,baseline
142,Brunei Darussalam,NMC622,,,baseline,baseline
143,Brunei Darussalam,NMC811,,,baseline,baseline
144,Bulgaria,LFP,,,baseline,baseline
145,Bulgaria,NCA,,,baseline,baseline
146,Bulgaria,NMC111,,,baseline,baseline
147,Bulgaria,NMC523,,,baseline,baseline
148,Bulgaria,NMC622,,,baseline,baseline
149,Bulgaria,NMC811,,,baseline,baseline
150,Burkina Faso,LFP,,,baseline,baseline
151,Burkina Faso,NCA,,,baseline,baseline
152,Burkina Faso,NMC111,,,baseline,baseline
153,Burkina Faso,NMC523,,,baseline,baseline
154,Burkina Faso,NMC622,,,baseline,baseline
155,Burkina Faso,NMC811,,,baseline,baseline
156,Burundi,LFP,,,baseline,baseline
157,Burundi,NCA,,,baseline,baseline
158,Burundi,NMC111,,,baseline,baseline
159,Burundi,NMC523,,,baseline,baseline
160,Burundi,NMC622,,,baseline,baseline
161,Burundi,NMC811,,,baseline,baseline
162,C?te d'Ivoire,LFP,,,baseline,baseline
163,C?te d'Ivoire,NCA,,,baseline,baseline
164,C?te d'Ivoire,NMC111,,,baseline,baseline
165,C?te d'Ivoire,NMC523,,,baseline,baseline
166,C?te d'Ivoire,NMC622,,,baseline,baseline
167,C?te d'Ivoire,NMC811,,,baseline,baseline
168,Cabo Verde,LFP,,,baseline,baseline
169,Cabo Verde,NCA,,,baseline,baseline
170,Cabo Verde,NMC111,,,baseline,baseline
171,Cabo Verde,NMC523,,,baseline,baseline
172,Cabo Verde,NMC622,,,baseline,baseline
173,Cabo Verde,NMC811,,,baseline,baseline
174,Cambodia,LFP,,,baseline,baseline
175,Cambodia,NCA,,,baseline,baseline
176,Cambodia,NMC111,,,baseline,baseline
177,Cambodia,NMC523,,,baseline,baseline
178,Cambodia,NMC622,,,baseline,baseline
179,Cambodia,NMC811,,,baseline,baseline
180,Cameroon,LFP,,,baseline,baseline
181,Cameroon,NCA,,,baseline,baseline
182,Cameroon,NMC111,,,baseline,baseline
183,Cameroon,NMC523,,,baseline,baseline
184,Cameroon,NMC622,,,baseline,baseline
185,Cameroon,NMC811,,,baseline,baseline
186,Canada,LFP,Pyro,0.0,baseline,baseline
187,Canada,NCA,Pyro,4.473748320714862,baseline,baseline
188,Canada,NMC111,Pyro,3.3588935277192835,baseline,baseline
189,Canada,NMC523,Pyro,3.1464131536738926,baseline,baseline
190,Canada,NMC622,Pyro,2.98481302996097,baseline,baseline
191,Canada,NMC811,Pyro,2.7018750376201797,baseline,baseline
192,Cayman Isds,LFP,,,baseline,baseline
193,Cayman Isds,NCA,,,baseline,baseline
194,Cayman Isds,NMC111,,,baseline,baseline
195,Cayman Isds,NMC523,,,baseline,baseline
196,Cayman Isds,NMC622,,,baseline,baseline
197,Cayman Isds,NMC811,,,baseline,baseline
198,Chile,LFP,,,baseline,baseline
199,Chile,NCA,,,baseline,baseline
200,Chile,NMC111,,,baseline,baseline
201,Chile,NMC523,,,baseline,baseline
202,Chile,NMC622,,,baseline,baseline
203,Chile,NMC811,,,baseline,baseline
204,China,LFP,Pyro,0.7489668600321585,baseline,baseline
205,China,NCA,Pyro,4.912745435290116,baseline,baseline
206,China,NMC111,Pyro,4.503123153623195,baseline,baseline
207,China,NMC523,Pyro,4.105855655261437,baseline,baseline
208,China,NMC622,Pyro,4.537844558328099,baseline,baseline
209,China,NMC811,Pyro,4.479608218605567,baseline,baseline
210,Colombia,LFP,,,baseline,baseline
211,Colombia,NCA,,,baseline,baseline
212,Colombia,NMC111,,,baseline,baseline
213,Colombia,NMC523,,,baseline,baseline
214,Colombia,NMC622,,,baseline,baseline
215,Colombia,NMC811,,,baseline,baseline
216,Comoros,LFP,,,baseline,baseline
217,Comoros,NCA,,,baseline,baseline
218,Comoros,NMC111,,,baseline,baseline
219,Comoros,NMC523,,,baseline,baseline
220,Comoros,NMC622,,,baseline,baseline
221,Comoros,NMC811,,,baseline,baseline
222,Congo,LFP,,,baseline,baseline
223,Congo,NCA,,,baseline,baseline
224,Congo,NMC111,,,baseline,baseline
225,Congo,NMC523,,,baseline,baseline
226,Congo,NMC622,,,baseline,baseline
227,Congo,NMC811,,,baseline,baseline
228,Costa Rica,LFP,,,baseline,baseline
229,Costa Rica,NCA,,,baseline,baseline
230,Costa Rica,NMC111,,,baseline,baseline
231,Costa Rica,NMC523,,,baseline,baseline
232,Costa Rica,NMC622,,,baseline,baseline
233,Costa Rica,NMC811,,,baseline,baseline
234,Croatia,LFP,,,baseline,baseline
235,Croatia,NCA,,,baseline,baseline
236,Croatia,NMC111,,,baseline,baseline
237,Croatia,NMC523,,,baseline,baseline
238,Croatia,NMC622,,,baseline,baseline
239,Croatia,NMC811,,,baseline,baseline
240,Cyprus,LFP,,,baseline,baseline
241,Cyprus,NCA,,,baseline,baseline
242,Cyprus,NMC111,,,baseline,baseline
243,Cyprus,NMC523,,,baseline,baseline
244,Cyprus,NMC622,,,baseline,baseline
245,Cyprus,NMC811,,,baseline,baseline
246,Czechia,LFP,Pyro,-462.6261838035601,baseline,baseline
247,Czechia,NCA,Pyro,-9.140090536839166,baseline,baseline
248,Czechia,NMC111,Pyro,-15.359290416699427,baseline,baseline
249,Czechia,NMC523,Pyro,-14.35818299880077,baseline,baseline
250,Czechia,NMC622,Pyro,-23.743581704260627,baseline,baseline
251,Czechia,NMC811,Pyro,-33.15095736733198,baseline,baseline
252,Denmark,LFP,,,baseline,baseline
253,Denmark,NCA,,,baseline,baseline
254,Denmark,NMC111,,,baseline,baseline
255,Denmark,NMC523,,,baseline,baseline
256,Denmark,NMC622,,,baseline,baseline
257,Denmark,NMC811,,,baseline,baseline
258,Dominican Rep.,LFP,,,baseline,baseline
259,Dominican Rep.,NCA,,,baseline,baseline
260,Dominican Rep.,NMC111,,,baseline,baseline
261,Dominican Rep.,NMC523,,,baseline,baseline
262,Dominican Rep.,NMC622,,,baseline,baseline
263,Dominican Rep.,NMC811,,,baseline,baseline
264,Ecuador,LFP,,,baseline,baseline
265,Ecuador,NCA,,,baseline,baseline
266,Ecuador,NMC111,,,baseline,baseline
267,Ecuador,NMC523,,,baseline,baseline
268,Ecuador,NMC622,,,baseline,baseline
269,Ecuador,NMC811,,,baseline,baseline
270,Egypt,LFP,,,baseline,baseline
271,Egypt,NCA,,,baseline,baseline
272,Egypt,NMC111,,,baseline,baseline
273,Egypt,NMC523,,,baseline,baseline
274,Egypt,NMC622,,,baseline,baseline
275,Egypt,NMC811,,,baseline,baseline
276,El Salvador,LFP,,,baseline,baseline
277,El Salvador,NCA,,,baseline,baseline
278,El Salvador,NMC111,,,baseline,baseline
279,El Salvador,NMC523,,,baseline,baseline
280,El Salvador,NMC622,,,baseline,baseline
281,El Salvador,NMC811,,,baseline,baseline
282,Estonia,LFP,,,baseline,baseline
283,Estonia,NCA,,,baseline,baseline
284,Estonia,NMC111,,,baseline,baseline
285,Estonia,NMC523,,,baseline,baseline
286,Estonia,NMC622,,,baseline,baseline
287,Estonia,NMC811,,,baseline,baseline
288,Eswatini,LFP,,,baseline,baseline
289,Eswatini,NCA,,,baseline,baseline
290,Eswatini,NMC111,,,baseline,baseline
291,Eswatini,NMC523,,,baseline,baseline
292,Eswatini,NMC622,,,baseline,baseline
293,Eswatini,NMC811,,,baseline,baseline
294,Ethiopia,LFP,,,baseline,baseline
295,Ethiopia,NCA,,,baseline,baseline
296,Ethiopia,NMC111,,,baseline,baseline
297,Ethiopia,NMC523,,,baseline,baseline
298,Ethiopia,NMC622,,,baseline,baseline
299,Ethiopia,NMC811,,,baseline,baseline
300,Fiji,LFP,,,baseline,baseline
301,Fiji,NCA,,,baseline,baseline
302,Fiji,NMC111,,,baseline,baseline
303,Fiji,NMC523,,,baseline,baseline
304,Fiji,NMC622,,,baseline,baseline
305,Fiji,NMC811,,,baseline,baseline
306,Finland,LFP,Pyro,-149.8300851610292,baseline,baseline
307,Finland,NCA,Pyro,0.1520400409454054,baseline,baseline
308,Finland,NMC111,Pyro,-2.2350633692194095,baseline,baseline
309,Finland,NMC523,Pyro,-2.138750581230423,baseline,baseline
310,Finland,NMC622,Pyro,-4.998233285665858,baseline,baseline
311,Finland,NMC811,Pyro,-8.138427877892427,baseline,baseline
312,France,LFP,Pyro,-44.26704686662105,baseline,baseline
313,France,NCA,Pyro,3.57339501147444,baseline,baseline
314,France,NMC111,Pyro,2.547594971615669,baseline,baseline
315,France,NMC523,Pyro,2.324097013379006,baseline,baseline
316,France,NMC622,Pyro,1.7757757343976126,baseline,baseline
317,France,NMC811,Pyro,0.841571235216017,baseline,baseline
318,French Polynesia,LFP,,,baseline,baseline
319,French Polynesia,NCA,,,baseline,baseline
320,French Polynesia,NMC111,,,baseline,baseline
321,French Polynesia,NMC523,,,baseline,baseline
322,French Polynesia,NMC622,,,baseline,baseline
323,French Polynesia,NMC811,,,baseline,baseline
324,Georgia,LFP,,,baseline,baseline
325,Georgia,NCA,,,baseline,baseline
326,Georgia,NMC111,,,baseline,baseline
327,Georgia,NMC523,,,baseline,baseline
328,Georgia,NMC622,,,baseline,baseline
329,Georgia,NMC811,,,baseline,baseline
330,Germany,LFP,Pyro,-40.38906817508756,baseline,baseline
331,Germany,NCA,Pyro,3.683776892612797,baseline,baseline
332,Germany,NMC111,Pyro,2.7038991022897485,baseline,baseline
333,Germany,NMC523,Pyro,2.468931678366733,baseline,baseline
334,Germany,NMC622,Pyro,1.9962698656036055,baseline,baseline
335,Germany,NMC811,Pyro,1.132700024044147,baseline,baseline
336,Ghana,LFP,,,baseline,baseline
337,Ghana,NCA,,,baseline,baseline
338,Ghana,NMC111,,,baseline,baseline
339,Ghana,NMC523,,,baseline,baseline
340,Ghana,NMC622,,,baseline,baseline
341,Ghana,NMC811,,,baseline,baseline
342,Greece,LFP,,,baseline,baseline
343,Greece,NCA,,,baseline,baseline
344,Greece,NMC111,,,baseline,baseline
345,Greece,NMC523,,,baseline,baseline
346,Greece,NMC622,,,baseline,baseline
347,Greece,NMC811,,,baseline,baseline
348,Greenland,LFP,,,baseline,baseline
349,Greenland,NCA,,,baseline,baseline
350,Greenland,NMC111,,,baseline,baseline
351,Greenland,NMC523,,,baseline,baseline
352,Greenland,NMC622,,,baseline,baseline
353,Greenland,NMC811,,,baseline,baseline
354,Grenada,LFP,,,baseline,baseline
355,Grenada,NCA,,,baseline,baseline
356,Grenada,NMC111,,,baseline,baseline
357,Grenada,NMC523,,,baseline,baseline
358,Grenada,NMC622,,,baseline,baseline
359,Grenada,NMC811,,,baseline,baseline
360,Guatemala,LFP,,,baseline,baseline
361,Guatemala,NCA,,,baseline,baseline
362,Guatemala,NMC111,,,baseline,baseline
363,Guatemala,NMC523,,,baseline,baseline
364,Guatemala,NMC622,,,baseline,baseline
365,Guatemala,NMC811,,,baseline,baseline
366,Guinea,LFP,,,baseline,baseline
367,Guinea,NCA,,,baseline,baseline
368,Guinea,NMC111,,,baseline,baseline
369,Guinea,NMC523,,,baseline,baseline
370,Guinea,NMC622,,,baseline,baseline
371,Guinea,NMC811,,,baseline,baseline
372,Guyana,LFP,,,baseline,baseline
373,Guyana,NCA,,,baseline,baseline
374,Guyana,NMC111,,,baseline,baseline
375,Guyana,NMC523,,,baseline,baseline
376,Guyana,NMC622,,,baseline,baseline
377,Guyana,NMC811,,,baseline,baseline
378,Honduras,LFP,,,baseline,baseline
379,Honduras,NCA,,,baseline,baseline
380,Honduras,NMC111,,,baseline,baseline
381,Honduras,NMC523,,,baseline,baseline
382,Honduras,NMC622,,,baseline,baseline
383,Honduras,NMC811,,,baseline,baseline
384,Hungary,LFP,Pyro,-49.91232391605753,baseline,baseline
385,Hungary,NCA,Pyro,3.464662578284033,baseline,baseline
386,Hungary,NMC111,Pyro,2.372853646001359,baseline,baseline
387,Hungary,NMC523,Pyro,2.1639006889571286,baseline,baseline
388,Hungary,NMC622,Pyro,1.5107782210951433,baseline,baseline
389,Hungary,NMC811,Pyro,0.47549781030097876,baseline,baseline
390,Iceland,LFP,,,baseline,baseline
391,Iceland,NCA,,,baseline,baseline
392,Iceland,NMC111,,,baseline,baseline
393,Iceland,NMC523,,,baseline,baseline
394,Iceland,NMC622,,,baseline,baseline
395,Iceland,NMC811,,,baseline,baseline
396,India,LFP,Pyro,-257.1007914959245,baseline,baseline
397,India,NCA,Pyro,4.847082716752913,baseline,baseline
398,India,NMC111,Pyro,4.296459574485032,baseline,baseline
399,India,NMC523,Pyro,3.962236092661859,baseline,baseline
400,India,NMC622,Pyro,4.277458835825043,baseline,baseline
401,India,NMC811,Pyro,4.201741185601719,baseline,baseline
402,Indonesia,LFP,,,baseline,baseline
403,Indonesia,NCA,,,baseline,baseline
404,Indonesia,NMC111,,,baseline,baseline
405,Indonesia,NMC523,,,baseline,baseline
406,Indonesia,NMC622,,,baseline,baseline
407,Indonesia,NMC811,,,baseline,baseline
408,Iran,LFP,,,baseline,baseline
409,Iran,NCA,,,baseline,baseline
410,Iran,NMC111,,,baseline,baseline
411,Iran,NMC523,,,baseline,baseline
412,Iran,NMC622,,,baseline,baseline
413,Iran,NMC811,,,baseline,baseline
414,Ireland,LFP,,,baseline,baseline
415,Ireland,NCA,,,baseline,baseline
416,Ireland,NMC111,,,baseline,baseline
417,Ireland,NMC523,,,baseline,baseline
418,Ireland,NMC622,,,baseline,baseline
419,Ireland,NMC811,,,baseline,baseline
420,Israel,LFP,,,baseline,baseline
421,Israel,NCA,,,baseline,baseline
422,Israel,NMC111,,,baseline,baseline
423,Israel,NMC523,,,baseline,baseline
424,Israel,NMC622,,,baseline,baseline
425,Israel,NMC811,,,baseline,baseline
426,Italy,LFP,Pyro,-53.4064183005145,baseline,baseline
427,Italy,NCA,Pyro,3.3466787368325104,baseline,baseline
428,Italy,NMC111,Pyro,2.234876429153197,baseline,baseline
429,Italy,NMC523,Pyro,2.0310614378147682,baseline,baseline
430,Italy,NMC622,Pyro,1.3306459219471911,baseline,baseline
431,Italy,NMC811,Pyro,0.2478962252783398,baseline,baseline
432,Jamaica,LFP,,,baseline,baseline
433,Jamaica,NCA,,,baseline,baseline
434,Jamaica,NMC111,,,baseline,baseline
435,Jamaica,NMC523,,,baseline,baseline
436,Jamaica,NMC622,,,baseline,baseline
437,Jamaica,NMC811,,,baseline,baseline
438,Japan,LFP,Pyro,-3636.0718668419586,baseline,baseline
439,Japan,NCA,Pyro,4.5543498982553725,baseline,baseline
440,Japan,NMC111,Pyro,3.6823530187708813,baseline,baseline
441,Japan,NMC523,Pyro,3.396101123285115,baseline,baseline
442,Japan,NMC622,Pyro,3.463306633459579,baseline,baseline
443,Japan,NMC811,Pyro,3.4065918096694627,baseline,baseline
444,Jordan,LFP,,,baseline,baseline
445,Jordan,NCA,,,baseline,baseline
446,Jordan,NMC111,,,baseline,baseline
447,Jordan,NMC523,,,baseline,baseline
448,Jordan,NMC622,,,baseline,baseline
449,Jordan,NMC811,,,baseline,baseline
450,Kazakhstan,LFP,,,baseline,baseline
451,Kazakhstan,NCA,,,baseline,baseline
452,Kazakhstan,NMC111,,,baseline,baseline
453,Kazakhstan,NMC523,,,baseline,baseline
454,Kazakhstan,NMC622,,,baseline,baseline
455,Kazakhstan,NMC811,,,baseline,baseline
456,Kenya,LFP,,,baseline,baseline
457,Kenya,NCA,,,baseline,baseline
458,Kenya,NMC111,,,baseline,baseline
459,Kenya,NMC523,,,baseline,baseline
460,Kenya,NMC622,,,baseline,baseline
461,Kenya,NMC811,,,baseline,baseline
462,Kiribati,LFP,,,baseline,baseline
463,Kiribati,NCA,,,baseline,baseline
464,Kiribati,NMC111,,,baseline,baseline
465,Kiribati,NMC523,,,baseline,baseline
466,Kiribati,NMC622,,,baseline,baseline
467,Kiribati,NMC811,,,baseline,baseline
468,Korea,LFP,Pyro,-18.250952068973586,baseline,baseline
469,Korea,NCA,Pyro,4.715496836085253,baseline,baseline
470,Korea,NMC111,Pyro,4.135105611834375,baseline,baseline
471,Korea,NMC523,Pyro,3.8002480608422102,baseline,baseline
472,Korea,NMC622,Pyro,4.097256681246238,baseline,baseline
473,Korea,NMC811,Pyro,4.03393311172332,baseline,baseline
474,Kuwait,LFP,,,baseline,baseline
475,Kuwait,NCA,,,baseline,baseline
476,Kuwait,NMC111,,,baseline,baseline
477,Kuwait,NMC523,,,baseline,baseline
478,Kuwait,NMC622,,,baseline,baseline
479,Kuwait,NMC811,,,baseline,baseline
480,Kyrgyzstan,LFP,,,baseline,baseline
481,Kyrgyzstan,NCA,,,baseline,baseline
482,Kyrgyzstan,NMC111,,,baseline,baseline
483,Kyrgyzstan,NMC523,,,baseline,baseline
484,Kyrgyzstan,NMC622,,,baseline,baseline
485,Kyrgyzstan,NMC811,,,baseline,baseline
486,Lao People's Dem. Rep.,LFP,,,baseline,baseline
487,Lao People's Dem. Rep.,NCA,,,baseline,baseline
488,Lao People's Dem. Rep.,NMC111,,,baseline,baseline
489,Lao People's Dem. Rep.,NMC523,,,baseline,baseline
490,Lao People's Dem. Rep.,NMC622,,,baseline,baseline
491,Lao People's Dem. Rep.,NMC811,,,baseline,baseline
492,Latvia,LFP,,,baseline,baseline
493,Latvia,NCA,,,baseline,baseline
494,Latvia,NMC111,,,baseline,baseline
495,Latvia,NMC523,,,baseline,baseline
496,Latvia,NMC622,,,baseline,baseline
497,Latvia,NMC811,,,baseline,baseline
498,Lebanon,LFP,,,baseline,baseline
499,Lebanon,NCA,,,baseline,baseline
500,Lebanon,NMC111,,,baseline,baseline
501,Lebanon,NMC523,,,baseline,baseline
502,Lebanon,NMC622,,,baseline,baseline
503,Lebanon,NMC811,,,baseline,baseline
504,Lesotho,LFP,,,baseline,baseline
505,Lesotho,NCA,,,baseline,baseline
506,Lesotho,NMC111,,,baseline,baseline
507,Lesotho,NMC523,,,baseline,baseline
508,Lesotho,NMC622,,,baseline,baseline
509,Lesotho,NMC811,,,baseline,baseline
510,Lithuania,LFP,,,baseline,baseline
511,Lithuania,NCA,,,baseline,baseline
512,Lithuania,NMC111,,,baseline,baseline
513,Lithuania,NMC523,,,baseline,baseline
514,Lithuania,NMC622,,,baseline,baseline
515,Lithuania,NMC811,,,baseline,baseline
516,Luxembourg,LFP,,,baseline,baseline
517,Luxembourg,NCA,,,baseline,baseline
518,Luxembourg,NMC111,,,baseline,baseline
519,Luxembourg,NMC523,,,baseline,baseline
520,Luxembourg,NMC622,,,baseline,baseline
521,Luxembourg,NMC811,,,baseline,baseline
522,Madagascar,LFP,,,baseline,baseline
523,Madagascar,NCA,,,baseline,baseline
524,Madagascar,NMC111,,,baseline,baseline
525,Madagascar,NMC523,,,baseline,baseline
526,Madagascar,NMC622,,,baseline,baseline
527,Madagascar,NMC811,,,baseline,baseline
528,Malawi,LFP,,,baseline,baseline
529,Malawi,NCA,,,baseline,baseline
530,Malawi,NMC111,,,baseline,baseline
531,Malawi,NMC523,,,baseline,baseline
532,Malawi,NMC622,,,baseline,baseline
533,Malawi,NMC811,,,baseline,baseline
534,Malaysia,LFP,,,baseline,baseline
535,Malaysia,NCA,,,baseline,baseline
536,Malaysia,NMC111,,,baseline,baseline
537,Malaysia,NMC523,,,baseline,baseline
538,Malaysia,NMC622,,,baseline,baseline
539,Malaysia,NMC811,,,baseline,baseline
540,Maldives,LFP,,,baseline,baseline
541,Maldives,NCA,,,baseline,baseline
542,Maldives,NMC111,,,baseline,baseline
543,Maldives,NMC523,,,baseline,baseline
544,Maldives,NMC622,,,baseline,baseline
545,Maldives,NMC811,,,baseline,baseline
546,Mali,LFP,,,baseline,baseline
547,Mali,NCA,,,baseline,baseline
548,Mali,NMC111,,,baseline,baseline
549,Mali,NMC523,,,baseline,baseline
550,Mali,NMC622,,,baseline,baseline
551,Mali,NMC811,,,baseline,baseline
552,Malta,LFP,,,baseline,baseline
553,Malta,NCA,,,baseline,baseline
554,Malta,NMC111,,,baseline,baseline
555,Malta,NMC523,,,baseline,baseline
556,Malta,NMC622,,,baseline,baseline
557,Malta,NMC811,,,baseline,baseline
558,Mauritania,LFP,,,baseline,baseline
559,Mauritania,NCA,,,baseline,baseline
560,Mauritania,NMC111,,,baseline,baseline
561,Mauritania,NMC523,,,baseline,baseline
562,Mauritania,NMC622,,,baseline,baseline
563,Mauritania,NMC811,,,baseline,baseline
564,Mauritius,LFP,,,baseline,baseline
565,Mauritius,NCA,,,baseline,baseline
566,Mauritius,NMC111,,,baseline,baseline
567,Mauritius,NMC523,,,baseline,baseline
568,Mauritius,NMC622,,,baseline,baseline
569,Mauritius,NMC811,,,baseline,baseline
570,Mexico,LFP,,,baseline,baseline
571,Mexico,NCA,,,baseline,baseline
572,Mexico,NMC111,,,baseline,baseline
573,Mexico,NMC523,,,baseline,baseline
574,Mexico,NMC622,,,baseline,baseline
575,Mexico,NMC811,,,baseline,baseline
576,Mongolia,LFP,,,baseline,baseline
577,Mongolia,NCA,,,baseline,baseline
578,Mongolia,NMC111,,,baseline,baseline
579,Mongolia,NMC523,,,baseline,baseline
580,Mongolia,NMC622,,,baseline,baseline
581,Mongolia,NMC811,,,baseline,baseline
582,Montenegro,LFP,,,baseline,baseline
583,Montenegro,NCA,,,baseline,baseline
584,Montenegro,NMC111,,,baseline,baseline
585,Montenegro,NMC523,,,baseline,baseline
586,Montenegro,NMC622,,,baseline,baseline
587,Montenegro,NMC811,,,baseline,baseline
588,Morocco,LFP,,,baseline,baseline
589,Morocco,NCA,,,baseline,baseline
590,Morocco,NMC111,,,baseline,baseline
591,Morocco,NMC523,,,baseline,baseline
592,Morocco,NMC622,,,baseline,baseline
593,Morocco,NMC811,,,baseline,baseline
594,Mozambique,LFP,,,baseline,baseline
595,Mozambique,NCA,,,baseline,baseline
596,Mozambique,NMC111,,,baseline,baseline
597,Mozambique,NMC523,,,baseline,baseline
598,Mozambique,NMC622,,,baseline,baseline
599,Mozambique,NMC811,,,baseline,baseline
600,Myanmar,LFP,,,baseline,baseline
601,Myanmar,NCA,,,baseline,baseline
602,Myanmar,NMC111,,,baseline,baseline
603,Myanmar,NMC523,,,baseline,baseline
604,Myanmar,NMC622,,,baseline,baseline
605,Myanmar,NMC811,,,baseline,baseline
606,Namibia,LFP,,,baseline,baseline
607,Namibia,NCA,,,baseline,baseline
608,Namibia,NMC111,,,baseline,baseline
609,Namibia,NMC523,,,baseline,baseline
610,Namibia,NMC622,,,baseline,baseline
611,Namibia,NMC811,,,baseline,baseline
612,Nepal,LFP,,,baseline,baseline
613,Nepal,NCA,,,baseline,baseline
614,Nepal,NMC111,,,baseline,baseline
615,Nepal,NMC523,,,baseline,baseline
616,Nepal,NMC622,,,baseline,baseline
617,Nepal,NMC811,,,baseline,baseline
618,Netherlands,LFP,Pyro,-94.39283692209143,baseline,baseline
619,Netherlands,NCA,Pyro,1.976783989150085,baseline,baseline
620,Netherlands,NMC111,Pyro,0.3283176153188463,baseline,baseline
621,Netherlands,NMC523,Pyro,0.2557811621131289,baseline,baseline
622,Netherlands,NMC622,Pyro,-1.3478649322151317,baseline,baseline
623,Netherlands,NMC811,Pyro,-3.293616413786304,baseline,baseline
624,New Caledonia,LFP,,,baseline,baseline
625,New Caledonia,NCA,,,baseline,baseline
626,New Caledonia,NMC111,,,baseline,baseline
627,New Caledonia,NMC523,,,baseline,baseline
628,New Caledonia,NMC622,,,baseline,baseline
629,New Caledonia,NMC811,,,baseline,baseline
630,New Zealand,LFP,,,baseline,baseline
631,New Zealand,NCA,,,baseline,baseline
632,New Zealand,NMC111,,,baseline,baseline
633,New Zealand,NMC523,,,baseline,baseline
634,New Zealand,NMC622,,,baseline,baseline
635,New Zealand,NMC811,,,baseline,baseline
636,Nicaragua,LFP,,,baseline,baseline
637,Nicaragua,NCA,,,baseline,baseline
638,Nicaragua,NMC111,,,baseline,baseline
639,Nicaragua,NMC523,,,baseline,baseline
640,Nicaragua,NMC622,,,baseline,baseline
641,Nicaragua,NMC811,,,baseline,baseline
642,Niger,LFP,,,baseline,baseline
643,Niger,NCA,,,baseline,baseline
644,Niger,NMC111,,,baseline,baseline
645,Niger,NMC523,,,baseline,baseline
646,Niger,NMC622,,,baseline,baseline
647,Niger,NMC811,,,baseline,baseline
648,Nigeria,LFP,,,baseline,baseline
649,Nigeria,NCA,,,baseline,baseline
650,Nigeria,NMC111,,,baseline,baseline
651,Nigeria,NMC523,,,baseline,baseline
652,Nigeria,NMC622,,,baseline,baseline
653,Nigeria,NMC811,,,baseline,baseline
654,North Macedonia,LFP,,,baseline,baseline
655,North Macedonia,NCA,,,baseline,baseline
656,North Macedonia,NMC111,,,baseline,baseline
657,North Macedonia,NMC523,,,baseline,baseline
658,North Macedonia,NMC622,,,baseline,baseline
659,North Macedonia,NMC811,,,baseline,baseline
660,Norway,LFP,Pyro,-94.7328855793665,baseline,baseline
661,Norway,NCA,Pyro,3.4815851452633213,baseline,baseline
662,Norway,NMC111,Pyro,1.8671145758556924,baseline,baseline
663,Norway,NMC523,Pyro,1.7448989854267114,baseline,baseline
664,Norway,NMC622,Pyro,1.037236046886795,baseline,baseline
665,Norway,NMC811,Pyro,0.34365593304072883,baseline,baseline
666,Oman,LFP,,,baseline,baseline
667,Oman,NCA,,,baseline,baseline
668,Oman,NMC111,,,baseline,baseline
669,Oman,NMC523,,,baseline,baseline
670,Oman,NMC622,,,baseline,baseline
671,Oman,NMC811,,,baseline,baseline
672,Pakistan,LFP,,,baseline,baseline
673,Pakistan,NCA,,,baseline,baseline
674,Pakistan,NMC111,,,baseline,baseline
675,Pakistan,NMC523,,,baseline,baseline
676,Pakistan,NMC622,,,baseline,baseline
677,Pakistan,NMC811,,,baseline,baseline
678,Palau,LFP,,,baseline,baseline
679,Palau,NCA,,,baseline,baseline
680,Palau,NMC111,,,baseline,baseline
681,Palau,NMC523,,,baseline,baseline
682,Palau,NMC622,,,baseline,baseline
683,Palau,NMC811,,,baseline,baseline
684,Panama,LFP,,,baseline,baseline
685,Panama,NCA,,,baseline,baseline
686,Panama,NMC111,,,baseline,baseline
687,Panama,NMC523,,,baseline,baseline
688,Panama,NMC622,,,baseline,baseline
689,Panama,NMC811,,,baseline,baseline
690,Papua New Guinea,LFP,,,baseline,baseline
691,Papua New Guinea,NCA,,,baseline,baseline
692,Papua New Guinea,NMC111,,,baseline,baseline
693,Papua New Guinea,NMC523,,,baseline,baseline
694,Papua New Guinea,NMC622,,,baseline,baseline
695,Papua New Guinea,NMC811,,,baseline,baseline
696,Paraguay,LFP,Pyro,0.0,baseline,baseline
697,Paraguay,NCA,Pyro,-12.66225543484227,baseline,baseline
698,Paraguay,NMC111,Pyro,-39.09161395001583,baseline,baseline
699,Paraguay,NMC523,Pyro,-33.692321519467285,baseline,baseline
700,Paraguay,NMC622,Pyro,-55.63255958021374,baseline,baseline
701,Paraguay,NMC811,Pyro,-65.51124091504947,baseline,baseline
702,Peru,LFP,,,baseline,baseline
703,Peru,NCA,,,baseline,baseline
704,Peru,NMC111,,,baseline,baseline
705,Peru,NMC523,,,baseline,baseline
706,Peru,NMC622,,,baseline,baseline
707,Peru,NMC811,,,baseline,baseline
708,Philippines,LFP,,,baseline,baseline
709,Philippines,NCA,,,baseline,baseline
710,Philippines,NMC111,,,baseline,baseline
711,Philippines,NMC523,,,baseline,baseline
712,Philippines,NMC622,,,baseline,baseline
713,Philippines,NMC811,,,baseline,baseline
714,Poland,LFP,Pyro,-57.94608583973183,baseline,baseline
715,Poland,NCA,Pyro,3.3631759173747695,baseline,baseline
716,Poland,NMC111,Pyro,2.1960866389875844,baseline,baseline
717,Poland,NMC523,Pyro,2.0068404105311926,baseline,baseline
718,Poland,NMC622,Pyro,1.2254601236161986,baseline,baseline
719,Poland,NMC811,Pyro,0.06521901503200188,baseline,baseline
720,Portugal,LFP,,,baseline,baseline
721,Portugal,NCA,,,baseline,baseline
722,Portugal,NMC111,,,baseline,baseline
723,Portugal,NMC523,,,baseline,baseline
724,Portugal,NMC622,,,baseline,baseline
725,Portugal,NMC811,,,baseline,baseline
726,Qatar,LFP,,,baseline,baseline
727,Qatar,NCA,,,baseline,baseline
728,Qatar,NMC111,,,baseline,baseline
729,Qatar,NMC523,,,baseline,baseline
730,Qatar,NMC622,,,baseline,baseline
731,Qatar,NMC811,,,baseline,baseline
732,Rep. of Moldova,LFP,,,baseline,baseline
733,Rep. of Moldova,NCA,,,baseline,baseline
734,Rep. of Moldova,NMC111,,,baseline,baseline
735,Rep. of Moldova,NMC523,,,baseline,baseline
736,Rep. of Moldova,NMC622,,,baseline,baseline
737,Rep. of Moldova,NMC811,,,baseline,baseline
738,Romania,LFP,Pyro,-459.45609358022426,baseline,baseline
739,Romania,NCA,Pyro,-9.089626157727096,baseline,baseline
740,Romania,NMC111,Pyro,-15.329409609016952,baseline,baseline
741,Romania,NMC523,Pyro,-14.322427219407375,baseline,baseline
742,Romania,NMC622,Pyro,-23.76195106554972,baseline,baseline
743,Romania,NMC811,Pyro,-33.241292461778585,baseline,baseline
744,Russian Federation,LFP,Pyro,-247.38670913404061,baseline,baseline
745,Russian Federation,NCA,Pyro,4.207989495605611,baseline,baseline
746,Russian Federation,NMC111,Pyro,2.762959904054291,baseline,baseline
747,Russian Federation,NMC523,Pyro,2.6291221681407593,baseline,baseline
748,Russian Federation,NMC622,Pyro,1.736607475163513,baseline,baseline
749,Russian Federation,NMC811,Pyro,0.6232300182225796,baseline,baseline
750,Rwanda,LFP,,,baseline,baseline
751,Rwanda,NCA,,,baseline,baseline
752,Rwanda,NMC111,,,baseline,baseline
753,Rwanda,NMC523,,,baseline,baseline
754,Rwanda,NMC622,,,baseline,baseline
755,Rwanda,NMC811,,,baseline,baseline
756,Saint Lucia,LFP,,,baseline,baseline
757,Saint Lucia,NCA,,,baseline,baseline
758,Saint Lucia,NMC111,,,baseline,baseline
759,Saint Lucia,NMC523,,,baseline,baseline
760,Saint Lucia,NMC622,,,baseline,baseline
761,Saint Lucia,NMC811,,,baseline,baseline
762,Samoa,LFP,,,baseline,baseline
763,Samoa,NCA,,,baseline,baseline
764,Samoa,NMC111,,,baseline,baseline
765,Samoa,NMC523,,,baseline,baseline
766,Samoa,NMC622,,,baseline,baseline
767,Samoa,NMC811,,,baseline,baseline
768,Saudi Arabia,LFP,,,baseline,baseline
769,Saudi Arabia,NCA,,,baseline,baseline
770,Saudi Arabia,NMC111,,,baseline,baseline
771,Saudi Arabia,NMC523,,,baseline,baseline
772,Saudi Arabia,NMC622,,,baseline,baseline
773,Saudi Arabia,NMC811,,,baseline,baseline
774,Senegal,LFP,,,baseline,baseline
775,Senegal,NCA,,,baseline,baseline
776,Senegal,NMC111,,,baseline,baseline
777,Senegal,NMC523,,,baseline,baseline
778,Senegal,NMC622,,,baseline,baseline
779,Senegal,NMC811,,,baseline,baseline
780,Serbia,LFP,Pyro,0.0,baseline,baseline
781,Serbia,NCA,Pyro,-13.069871398273142,baseline,baseline
782,Serbia,NMC111,Pyro,-37.0350928061439,baseline,baseline
783,Serbia,NMC523,Pyro,-32.3021487900867,baseline,baseline
784,Serbia,NMC622,Pyro,-51.383836590726254,baseline,baseline
785,Serbia,NMC811,Pyro,-59.776316293881536,baseline,baseline
786,Seychelles,LFP,,,baseline,baseline
787,Seychelles,NCA,,,baseline,baseline
788,Seychelles,NMC111,,,baseline,baseline
789,Seychelles,NMC523,,,baseline,baseline
790,Seychelles,NMC622,,,baseline,baseline
791,Seychelles,NMC811,,,baseline,baseline
792,Sierra Leone,LFP,,,baseline,baseline
793,Sierra Leone,NCA,,,baseline,baseline
794,Sierra Leone,NMC111,,,baseline,baseline
795,Sierra Leone,NMC523,,,baseline,baseline
796,Sierra Leone,NMC622,,,baseline,baseline
797,Sierra Leone,NMC811,,,baseline,baseline
798,Singapore,LFP,,,baseline,baseline
799,Singapore,NCA,,,baseline,baseline
800,Singapore,NMC111,,,baseline,baseline
801,Singapore,NMC523,,,baseline,baseline
802,Singapore,NMC622,,,baseline,baseline
803,Singapore,NMC811,,,baseline,baseline
804,Slovakia,LFP,Pyro,-478.3534666256545,baseline,baseline
805,Slovakia,NCA,Pyro,-9.11880696226101,baseline,baseline
806,Slovakia,NMC111,Pyro,-15.346313986536696,baseline,baseline
807,Slovakia,NMC523,Pyro,-14.342680244070499,baseline,baseline
808,Slovakia,NMC622,Pyro,-23.749838226702842,baseline,baseline
809,Slovakia,NMC811,Pyro,-33.185899090078344,baseline,baseline
810,Slovenia,LFP,,,baseline,baseline
811,Slovenia,NCA,,,baseline,baseline
812,Slovenia,NMC111,,,baseline,baseline
813,Slovenia,NMC523,,,baseline,baseline
814,Slovenia,NMC622,,,baseline,baseline
815,Slovenia,NMC811,,,baseline,baseline
816,Solomon Isds,LFP,,,baseline,baseline
817,Solomon Isds,NCA,,,baseline,baseline
818,Solomon Isds,NMC111,,,baseline,baseline
819,Solomon Isds,NMC523,,,baseline,baseline
820,Solomon Isds,NMC622,,,baseline,baseline
821,Solomon Isds,NMC811,,,baseline,baseline
822,South Africa,LFP,,,baseline,baseline
823,South Africa,NCA,,,baseline,baseline
824,South Africa,NMC111,,,baseline,baseline
825,South Africa,NMC523,,,baseline,baseline
826,South Africa,NMC622,,,baseline,baseline
827,South Africa,NMC811,,,baseline,baseline
828,Spain,LFP,Pyro,-54.252651565656144,baseline,baseline
829,Spain,NCA,Pyro,3.3887914840561675,baseline,baseline
830,Spain,NMC111,Pyro,2.2522003113137328,baseline,baseline
831,Spain,NMC523,Pyro,2.0552883275502336,baseline,baseline
832,Spain,NMC622,Pyro,1.3238081733659943,baseline,baseline
833,Spain,NMC811,Pyro,0.21296547210553474,baseline,baseline
834,Sri Lanka,LFP,,,baseline,baseline
835,Sri Lanka,NCA,,,baseline,baseline
836,Sri Lanka,NMC111,,,baseline,baseline
837,Sri Lanka,NMC523,,,baseline,baseline
838,Sri Lanka,NMC622,,,baseline,baseline
839,Sri Lanka,NMC811,,,baseline,baseline
840,State of Palestine,LFP,,,baseline,baseline
841,State of Palestine,NCA,,,baseline,baseline
842,State of Palestine,NMC111,,,baseline,baseline
843,State of Palestine,NMC523,,,baseline,baseline
844,State of Palestine,NMC622,,,baseline,baseline
845,State of Palestine,NMC811,,,baseline,baseline
846,Sudan,LFP,,,baseline,baseline
847,Sudan,NCA,,,baseline,baseline
848,Sudan,NMC111,,,baseline,baseline
849,Sudan,NMC523,,,baseline,baseline
850,Sudan,NMC622,,,baseline,baseline
851,Sudan,NMC811,,,baseline,baseline
852,Sweden,LFP,Pyro,-43.86980639666608,baseline,baseline
853,Sweden,NCA,Pyro,3.3790104061934296,baseline,baseline
854,Sweden,NMC111,Pyro,2.3708649519047724,baseline,baseline
855,Sweden,NMC523,Pyro,2.141257152387215,baseline,baseline
856,Sweden,NMC622,Pyro,1.5983130146674458,baseline,baseline
857,Sweden,NMC811,Pyro,0.6635855931983375,baseline,baseline
858,Switzerland,LFP,Pyro,-101.28104867280703,baseline,baseline
859,Switzerland,NCA,Pyro,2.5767077530911786,baseline,baseline
860,Switzerland,NMC111,Pyro,0.6236732922996874,baseline,baseline
861,Switzerland,NMC523,Pyro,0.5711440721787406,baseline,baseline
862,Switzerland,NMC622,Pyro,-0.7681010174226973,baseline,baseline
863,Switzerland,NMC811,Pyro,-2.1193726777639426,baseline,baseline
864,Tajikistan,LFP,,,baseline,baseline
865,Tajikistan,NCA,,,baseline,baseline
866,Tajikistan,NMC111,,,baseline,baseline
867,Tajikistan,NMC523,,,baseline,baseline
868,Tajikistan,NMC622,,,baseline,baseline
869,Tajikistan,NMC811,,,baseline,baseline
870,Thailand,LFP,Pyro,0.0,baseline,baseline
871,Thailand,NCA,Pyro,4.66415276246792,baseline,baseline
872,Thailand,NMC111,Pyro,3.506170977833113,baseline,baseline
873,Thailand,NMC523,Pyro,3.3206731853569207,baseline,baseline
874,Thailand,NMC622,Pyro,3.0284068134571256,baseline,baseline
875,Thailand,NMC811,Pyro,2.6622182987264824,baseline,baseline
876,Togo,LFP,,,baseline,baseline
877,Togo,NCA,,,baseline,baseline
878,Togo,NMC111,,,baseline,baseline
879,Togo,NMC523,,,baseline,baseline
880,Togo,NMC622,,,baseline,baseline
881,Togo,NMC811,,,baseline,baseline
882,Tonga,LFP,,,baseline,baseline
883,Tonga,NCA,,,baseline,baseline
884,Tonga,NMC111,,,baseline,baseline
885,Tonga,NMC523,,,baseline,baseline
886,Tonga,NMC622,,,baseline,baseline
887,Tonga,NMC811,,,baseline,baseline
888,Trinidad and Tobago,LFP,,,baseline,baseline
889,Trinidad and Tobago,NCA,,,baseline,baseline
890,Trinidad and Tobago,NMC111,,,baseline,baseline
891,Trinidad and Tobago,NMC523,,,baseline,baseline
892,Trinidad and Tobago,NMC622,,,baseline,baseline
893,Trinidad and Tobago,NMC811,,,baseline,baseline
894,Tunisia,LFP,,,baseline,baseline
895,Tunisia,NCA,,,baseline,baseline
896,Tunisia,NMC111,,,baseline,baseline
897,Tunisia,NMC523,,,baseline,baseline
898,Tunisia,NMC622,,,baseline,baseline
899,Tunisia,NMC811,,,baseline,baseline
900,Turkey,LFP,Pyro,0.0,baseline,baseline
901,Turkey,NCA,Pyro,2.209765339661404,baseline,baseline
902,Turkey,NMC111,Pyro,-1.8217458800980826,baseline,baseline
903,Turkey,NMC523,Pyro,-1.3941700576091944,baseline,baseline
904,Turkey,NMC622,Pyro,-3.9456001905309566,baseline,baseline
905,Turkey,NMC811,Pyro,-5.244807234072401,baseline,baseline
906,USA,LFP,Pyro,-638.5180833735172,baseline,baseline
907,USA,NCA,Pyro,4.833858851440222,baseline,baseline
908,USA,NMC111,Pyro,3.9655899621507924,baseline,baseline
909,USA,NMC523,Pyro,3.6504703809658334,baseline,baseline
910,USA,NMC622,Pyro,3.7599115181841376,baseline,baseline
911,USA,NMC811,Pyro,3.8173032443583295,baseline,baseline
912,Uganda,LFP,,,baseline,baseline
913,Uganda,NCA,,,baseline,baseline
914,Uganda,NMC111,,,baseline,baseline
915,Uganda,NMC523,,,baseline,baseline
916,Uganda,NMC622,,,baseline,baseline
917,Uganda,NMC811,,,baseline,baseline
918,Ukraine,LFP,,,baseline,baseline
919,Ukraine,NCA,,,baseline,baseline
920,Ukraine,NMC111,,,baseline,baseline
921,Ukraine,NMC523,,,baseline,baseline
922,Ukraine,NMC622,,,baseline,baseline
923,Ukraine,NMC811,,,baseline,baseline
924,United Arab Emirates,LFP,,,baseline,baseline
925,United Arab Emirates,NCA,,,baseline,baseline
926,United Arab Emirates,NMC111,,,baseline,baseline
927,United Arab Emirates,NMC523,,,baseline,baseline
928,United Arab Emirates,NMC622,,,baseline,baseline
929,United Arab Emirates,NMC811,,,baseline,baseline
930,United Kingdom,LFP,Pyro,0.0,baseline,baseline
931,United Kingdom,NCA,Pyro,3.937716302747536,baseline,baseline
932,United Kingdom,NMC111,Pyro,2.10985250055406,baseline,baseline
933,United Kingdom,NMC523,Pyro,2.049154677826038,baseline,baseline
934,United Kingdom,NMC622,Pyro,1.3229945277744508,baseline,baseline
935,United Kingdom,NMC811,Pyro,0.8055178156920629,baseline,baseline
936,United Rep. of Tanzania,LFP,,,baseline,baseline
937,United Rep. of Tanzania,NCA,,,baseline,baseline
938,United Rep. of Tanzania,NMC111,,,baseline,baseline
939,United Rep. of Tanzania,NMC523,,,baseline,baseline
940,United Rep. of Tanzania,NMC622,,,baseline,baseline
941,United Rep. of Tanzania,NMC811,,,baseline,baseline
942,Uruguay,LFP,Pyro,0.0,baseline,baseline
943,Uruguay,NCA,Pyro,-24.77703943846572,baseline,baseline
944,Uruguay,NMC111,Pyro,-68.33162865412996,baseline,baseline
945,Uruguay,NMC523,Pyro,-59.238457178041365,baseline,baseline
946,Uruguay,NMC622,Pyro,-96.13009429988941,baseline,baseline
947,Uruguay,NMC811,Pyro,-112.69880889153865,baseline,baseline
948,Uzbekistan,LFP,,,baseline,baseline
949,Uzbekistan,NCA,,,baseline,baseline
950,Uzbekistan,NMC111,,,baseline,baseline
951,Uzbekistan,NMC523,,,baseline,baseline
952,Uzbekistan,NMC622,,,baseline,baseline
953,Uzbekistan,NMC811,,,baseline,baseline
954,Viet Nam,LFP,Pyro,0.0,baseline,baseline
955,Viet Nam,NCA,Pyro,3.335708292509937,baseline,baseline
956,Viet Nam,NMC111,Pyro,-1.0003188344618774,baseline,baseline
957,Viet Nam,NMC523,Pyro,-0.41761768612666117,baseline,baseline
958,Viet Nam,NMC622,Pyro,-3.919233731140989,baseline,baseline
959,Viet Nam,NMC811,Pyro,-5.829994096900335,baseline,baseline
960,Yemen,LFP,,,baseline,baseline
961,Yemen,NCA,,,baseline,baseline
962,Yemen,NMC111,,,baseline,baseline
963,Yemen,NMC523,,,baseline,baseline
964,Yemen,NMC622,,,baseline,baseline
965,Yemen,NMC811,,,baseline,baseline
966,Zambia,LFP,,,baseline,baseline
967,Zambia,NCA,,,baseline,baseline
968,Zambia,NMC111,,,baseline,baseline
969,Zambia,NMC523,,,baseline,baseline
970,Zambia,NMC622,,,baseline,baseline
971,Zambia,NMC811,,,baseline,baseline
972,Zimbabwe,LFP,,,baseline,baseline
973,Zimbabwe,NCA,,,baseline,baseline
974,Zimbabwe,NMC111,,,baseline,baseline
975,Zimbabwe,NMC523,,,baseline,baseline
976,Zimbabwe,NMC622,,,baseline,baseline
977,Zimbabwe,NMC811,,,baseline,baseline
